{"cameraMode":{"drawMode":0,"name":"Shaded","section":"Shading Mode"},"sceneLighting":false,"audioPlay":false,"sceneViewState":{"showFog":true,"showMaterialUpdate":false,"showSkybox":false,"showFlares":true,"showImageEffects":true,"showParticleSystems":true,"showVisualEffectGraphs":true,"m_FxEnabled":true},"in2DMode":false,"pivot":{"x":-0.7471256256103516,"y":-0.26106584072113039,"z":-0.0000010728836059570313},"rotation":{"x":0.47560781240463259,"y":-0.5239312648773193,"z":0.4832656681537628,"w":0.5155786871910095},"size":5.495208263397217,"orthographic":true}