{"cameraMode":{"drawMode":0,"name":"Shaded","section":"Shading Mode"},"sceneLighting":false,"audioPlay":false,"sceneViewState":{"showFog":true,"showMaterialUpdate":false,"showSkybox":false,"showFlares":true,"showImageEffects":true,"showParticleSystems":true,"showVisualEffectGraphs":true,"m_FxEnabled":true},"in2DMode":false,"pivot":{"x":3.6805520057678224,"y":0.31961750984191897,"z":2.5296854972839357},"rotation":{"x":0.07808063924312592,"y":0.9048140048980713,"z":-0.18920744955539704,"w":0.37338852882385256},"size":4.248859405517578,"orthographic":false}