{"cameraMode":{"drawMode":0,"name":"Shaded","section":"Shading Mode"},"sceneLighting":true,"audioPlay":false,"sceneViewState":{"showFog":true,"showMaterialUpdate":false,"showSkybox":true,"showFlares":true,"showImageEffects":true,"showParticleSystems":true,"showVisualEffectGraphs":true,"m_FxEnabled":true},"in2DMode":false,"pivot":{"x":-229.67250061035157,"y":-1.8935006856918336,"z":21.19165802001953},"rotation":{"x":0.5332909822463989,"y":-0.01992756500840187,"z":0.012566013261675835,"w":0.8456091284751892},"size":17.46422576904297,"orthographic":true}