{"cameraMode":{"drawMode":0,"name":"Shaded","section":"Shading Mode"},"sceneLighting":true,"audioPlay":false,"sceneViewState":{"showFog":true,"showMaterialUpdate":false,"showSkybox":true,"showFlares":true,"showImageEffects":true,"showParticleSystems":true,"showVisualEffectGraphs":true,"m_FxEnabled":true},"in2DMode":false,"pivot":{"x":-65.96662902832031,"y":25.15155601501465,"z":33.386722564697269},"rotation":{"x":0.21457363665103913,"y":0.19759705662727357,"z":-0.044377636164426807,"w":0.9554867148399353},"size":38.01555252075195,"orthographic":true}