{"cameraMode":{"drawMode":0,"name":"Shaded","section":"Shading Mode"},"sceneLighting":true,"audioPlay":false,"sceneViewState":{"showFog":true,"showMaterialUpdate":false,"showSkybox":true,"showFlares":true,"showImageEffects":true,"showParticleSystems":true,"showVisualEffectGraphs":true,"m_FxEnabled":true},"in2DMode":false,"pivot":{"x":-231.7432861328125,"y":25.031681060791017,"z":2.7657508850097658},"rotation":{"x":0.44682443141937258,"y":0.3398570716381073,"z":-0.18845336139202119,"w":0.8058156967163086},"size":25.900951385498048,"orthographic":true}