{
    "name": "root",
    "metadata": {
        "timer_format_version": "0.1.0",
        "start_time_seconds": "1604750101",
        "python_version": "3.8.5 (default, Jul 28 2020, 12:59:40) \n[GCC 9.3.0]",
        "command_line_arguments": "/home/sandelit/.local/bin/mlagents-learn training_config.yaml --force --run-id=CarController",
        "mlagents_version": "0.21.0",
        "mlagents_envs_version": "0.21.0",
        "communication_protocol_version": "1.2.0",
        "tensorflow_version": "2.3.1",
        "numpy_version": "1.18.5",
        "end_time_seconds": "1604750183"
    },
    "total": 82.07889088900265,
    "count": 1,
    "self": 0.0053630190013791434,
    "children": {
        "run_training.setup": {
            "total": 0.005838404002133757,
            "count": 1,
            "self": 0.005838404002133757
        },
        "TrainerController.start_learning": {
            "total": 82.06768946599914,
            "count": 1,
            "self": 0.32499390959128505,
            "children": {
                "TrainerController._reset_env": {
                    "total": 6.100476025996613,
                    "count": 1,
                    "self": 6.100476025996613
                },
                "TrainerController.advance": {
                    "total": 73.90979273241828,
                    "count": 12451,
                    "self": 0.15315897643449716,
                    "children": {
                        "env_step": {
                            "total": 73.75663375598378,
                            "count": 12451,
                            "self": 64.49643081477552,
                            "children": {
                                "SubprocessEnvManager._take_step": {
                                    "total": 9.109326867117488,
                                    "count": 12451,
                                    "self": 0.3060005572915543,
                                    "children": {
                                        "TFPolicy.evaluate": {
                                            "total": 8.803326309825934,
                                            "count": 12451,
                                            "self": 8.803326309825934
                                        }
                                    }
                                },
                                "workers": {
                                    "total": 0.15087607409077464,
                                    "count": 12450,
                                    "self": 0.0,
                                    "children": {
                                        "worker_root": {
                                            "total": 79.92360375226417,
                                            "count": 12450,
                                            "is_parallel": true,
                                            "self": 26.20274606026942,
                                            "children": {
                                                "run_training.setup": {
                                                    "total": 0.0,
                                                    "count": 0,
                                                    "is_parallel": true,
                                                    "self": 0.0,
                                                    "children": {
                                                        "steps_from_proto": {
                                                            "total": 0.0005072999992989935,
                                                            "count": 1,
                                                            "is_parallel": true,
                                                            "self": 0.00014224999904399738,
                                                            "children": {
                                                                "_process_vector_observation": {
                                                                    "total": 0.0003650500002549961,
                                                                    "count": 4,
                                                                    "is_parallel": true,
                                                                    "self": 0.0003650500002549961
                                                                }
                                                            }
                                                        },
                                                        "UnityEnvironment.step": {
                                                            "total": 0.0130723179972847,
                                                            "count": 1,
                                                            "is_parallel": true,
                                                            "self": 5.912500637350604e-05,
                                                            "children": {
                                                                "UnityEnvironment._generate_step_input": {
                                                                    "total": 0.00020743799541378394,
                                                                    "count": 1,
                                                                    "is_parallel": true,
                                                                    "self": 0.00020743799541378394
                                                                },
                                                                "communicator.exchange": {
                                                                    "total": 0.012573441999848,
                                                                    "count": 1,
                                                                    "is_parallel": true,
                                                                    "self": 0.012573441999848
                                                                },
                                                                "steps_from_proto": {
                                                                    "total": 0.00023231299564940855,
                                                                    "count": 1,
                                                                    "is_parallel": true,
                                                                    "self": 7.933299639262259e-05,
                                                                    "children": {
                                                                        "_process_vector_observation": {
                                                                            "total": 0.00015297999925678596,
                                                                            "count": 4,
                                                                            "is_parallel": true,
                                                                            "self": 0.00015297999925678596
                                                                        }
                                                                    }
                                                                }
                                                            }
                                                        }
                                                    }
                                                },
                                                "UnityEnvironment.step": {
                                                    "total": 53.72085769199475,
                                                    "count": 12449,
                                                    "is_parallel": true,
                                                    "self": 0.8200803399959113,