{"count":1,"self":24.625432,"total":146.1852166,"children":{"AgentSendState":{"count":68201,"self":0.78600609999999993,"total":6.3996545,"children":{"CollectObservations":{"count":68201,"self":0.24470689999999998,"total":0.24470689999999998,"children":null},"CollectDiscreteActionMasks":{"count":68201,"self":0.0740561,"total":0.0740561,"children":null},"AgentInfo.ToProto":{"count":68201,"self":0.242217,"total":5.2948854,"children":{"GenerateSensorData":{"count":68201,"self":0.5509954,"total":5.0526684,"children":{"RayPerceptionSensor.Perceive":{"count":68201,"self":4.5016728,"total":4.5016729999999994,"children":null}}}}}}},"DecideAction":{"count":68201,"self":115.0400384,"total":115.04003379999999,"children":null},"AgentAct":{"count":68201,"self":0.085066099999999992,"total":0.085066099999999992,"children":null},"AgentInfo.ToProto":{"count":354,"self":0.00050099999999999993,"total":0.0340298,"children":{"GenerateSensorData":{"count":354,"self":0.0025017999999999998,"total":0.0335288,"children":{"RayPerceptionSensor.Perceive":{"count":354,"self":0.031027,"total":0.031027,"children":null}}}}}},"gauges":{"CarController.CumulativeReward":{"count":354,"max":-0.8050001,"min":-2.34999871,"runningAverage":-1.47525346,"value":-1.32999969,"weightedAverage":-1.40160644}},"metadata":{"timer_format_version":"0.1.0","start_time_seconds":"1604595996","unity_version":"2020.1.8f1","command_line_arguments":"C:\\Program Files\\Unity\\Hub\\Editor\\2020.1.8f1\\Editor\\Unity.exe -projectpath E:\/Projekt1\/ParkingAI -useHub -hubIPC -cloudEnvironment production -hubSessionId 0a207ce0-1f53-11eb-a4eb-a10b5f4c56ca -accessToken lItHyg_oM7Q8m7L-Rq-qtqRN9DNm_Bs-FmCKGN7xG7E005f","communication_protocol_version":"1.0.0","com.unity.ml-agents_version":"1.0.5","scene_name":"SampleScene","end_time_seconds":"1604596142"}}