{
    "name": "root",
    "gauges": {
        "CarController.Policy.Entropy.mean": {
            "value": 1.3991128206253052,
            "min": 1.3991128206253052,
            "max": 1.419645071029663,
            "count": 10
        },
        "CarController.Policy.ExtrinsicValueEstimate.mean": {
            "value": -8.772948265075684,
            "min": -8.772948265075684,
            "max": -2.0280284881591797,
            "count": 10
        },
        "CarController.Environment.EpisodeLength.mean": {
            "value": 759.2566371681415,
            "min": 272.82089552238807,
            "max": 759.2566371681415,
            "count": 10
        },
        "CarController.Environment.CumulativeReward.mean": {
            "value": -91.66597844488852,
            "min": -91.66597844488852,
            "max": -29.838013052050748,
            "count": 10
        },
        "CarController.Policy.ExtrinsicReward.mean": {
            "value": -91.66597844488852,
            "min": -91.66597844488852,
            "max": -29.838013052050748,
            "count": 10
        },
        "CarController.Losses.ValueLoss.mean": {
            "value": 0.6986585259437561,
            "min": 0.5311029553413391,
            "max": 1.646108627319336,
            "count": 10
        },
        "CarController.Losses.PolicyLoss.mean": {
            "value": 0.021976882591843605,
            "min": 0.02060938999056816,
            "max": 0.028380537405610085,
            "count": 10
        },
        "CarController.Policy.LearningRate.mean": {
            "value": 1.6193254850804806e-05,
            "min": 1.6193254850804806e-05,
            "max": 0.0002845912822522223,
            "count": 10
        },
        "CarController.Policy.Epsilon.mean": {
            "value": 0.10539772361516953,
            "min": 0.10539772361516953,
            "max": 0.19486376643180847,
            "count": 10
        },
        "CarController.Policy.Beta.mean": {
            "value": 0.00027934618992730975,
            "min": 0.00027934618992730975,
            "max": 0.004743700847029686,
            "count": 10
        },
        "CarController.IsTraining.mean": {
            "value": 1.0,
            "min": 1.0,
            "max": 1.0,
            "count": 10
        }
    },
    "metadata": {
        "timer_format_version": "0.1.0",
        "start_time_seconds": "1604871669",
        "python_version": "3.8.5 (default, Jul 28 2020, 12:59:40) \n[GCC 9.3.0]",
        "command_line_arguments": "/home/sandelit/.local/bin/mlagents-learn training_config.yaml --env=ParkingAI.x86_64 --num-envs=10 --force --run-id=ParkingAI --no-graphics",
        "mlagents_version": "0.21.0",
        "mlagents_envs_version": "0.21.0",
        "communication_protocol_version": "1.2.0",
        "tensorflow_version": "2.3.1",
        "numpy_version": "1.18.5",
        "end_time_seconds": "1604873169"
    },
    "total": 1500.3009052769994,
    "count": 1,
    "self": 4.090547697000147,
    "children": {
        "run_training.setup": {
            "total": 0.23505355499946745,
            "count": 1,
            "self": 0.23505355499946745
        },
        "TrainerController.start_learning": {
            "total": 1495.9753040249998,
            "count": 1,
            "self": 7.918162235015188,
            "children": {
                "TrainerController._reset_env": {
                    "total": 3.382986810996954,
                    "count": 1,
                    "self": 3.382986810996954
                },
                "TrainerController.advance": {
                    "total": 1482.7895102909824,
                    "count": 88586,
                    "self": 2.750830757584481,
                    "children": {
                        "env_step": {
                            "total": 1480.038679533398,
                            "count": 88586,
                            "self": 549.5661197590744,
                            "children": {
                                "SubprocessEnvManager._take_step": {
                                    "total": 924.3597029893863,
                                    "count": 500414,
                                    "self": 35.060950451836106,
                                    "children": {
                                        "TFPolicy.evaluate": {
                                            "total": 889.2987525375502,
                                            "count": 500402,
                                            "self": 889.2987525375502
                                        }
                                    }
                                },
                                "workers": {
                                    "total": 6.112856784937321,
                                    "count": 88586,
                                    "self": 0.0,
                                    "children": {
                                        "worker_root": {
                                            "total": 14881.46107931745,
                                            "count": 500412,
                                            "is_parallel": true,
                                            "self": 10844.853634999134,
                                            "children": {
                                                "run_training.setup": {
                                                    "total": 0.0,
                                                    "count": 0,
                                                    "is_parallel": true,
                                                    "self": 0.0,
                                                    "children": {
                                                        "steps_from_proto": {
                                                            "total": 0.011546402012754697,
                                                            "count": 10,
                                                            "is_parallel": true,
                                                            "self": 0.001616730005480349,
                                                            "children": {
                                                                "_process_vector_observation": {
                                                                    "total": 0.009929672007274348,
                                                                    "count": 40,
                                                                    "is_parallel": true,
                                                                    "self": 0.009929672007274348
                                                                }
                                                            }
                                                        },
                                                        "UnityEnvironment.step": {
                                                            "total": 0.3330493709872826,
                                                            "count": 10,
                                                            "is_parallel": true,
                                                            "self": 0.0013189610035624355,
                                                            "children": {
                                                                "UnityEnvironment._generate_step_input": {
                                                                    "total": 0.0023647630005143583,
                                                                    "count": 10,
                                                                    "is_parallel": true,
                                                                    "self": 0.0023647630005143583
                                                                },